Workbook

Sheet Sheet1
A1: SampleID | B1: Labcode | C1: Label | D1: Class | E1: Type | F1: Subtype | G1: Age | H1: Gender | I1: Stage | J1: Stage short | K1: Source | L1: V plasma | M1: V elution | N1: cfDNA conc | O1: cfDNA yield (ng cfDNA / 1 ml plasma) | P1: Input | Q1: Input class | R1: Run | S1: MEAN_COVERAGE | T1: PCT_EXC_DUPE | U1: mapped_percent | V1: total_reads
A2: HNGH001 | B2: HNGH001 | C2: 0 | D2: 0 | E2: Healthy | G2: 54 | H2: M | J2: NA | K2: Gastric Dr Dung | L2: 2 | M2: 30 | N2: 0.325 | O2: 4.875 | P2: 4.875 | Q2: x>=3 | R2: R6885 | S2: 0.460118 | T2: 0.006424 | U2: 99.54 | V2: 30215218
A3: HNGH002 | B3: HNGH002 | C3: 0 | D3: 0 | E3: Healthy | G3: 63 | H3: F | J3: NA | K3: Gastric Dr Dung | L3: 2 | M3: 30 | N3: 0.258 | O3: 3.87 | P3: 4.644 | Q3: x>=3 | R3: R6885 | S3: 0.54829 | T3: 0.006334 | U3: 99.64 | V3: 35741446
A4: HNGH003 | B4: HNGH003 | C4: 0 | D4: 0 | E4: Healthy | G4: 37 | H4: M | J4: NA | K4: Gastric Dr Dung | L4: 2 | M4: 30 | N4: 0.153 | O4: 2.295 | P4: 2.754 | Q4: 2<=x<3 | R4: R6885 | S4: 0.554072 | T4: 0.006655 | U4: 99.6 | V4: 36445858
A5: HNGH004 | B5: HNGH004 | C5: 0 | D5: 0 | E5: Healthy | G5: 63 | H5: M | J5: NA | K5: Gastric Dr Dung | L5: 2 | M5: 30 | N5: 0.337 | O5: 5.055 | P5: 4.718 | Q5: x>=3 | R5: R6898 | S5: 0.538871 | T5: 0.0063 | U5: 99.52 | V5: 35509388
A6: HNGH005 | B6: HNGH005 | C6: 0 | D6: 0 | E6: Healthy | G6: 61 | H6: F | J6: NA | K6: Gastric Dr Dung | L6: 1.5 | M6: 30 | N6: 0.498 | O6: 9.96 | P6: 4.98 | Q6: x>=3 | R6: R6914 | S6: 0.502258 | T6: 0.006196 | U6: 99.63 | V6: 32820623
A7: HNGH006 | B7: HNGH006 | C7: 0 | D7: 0 | E7: Healthy | G7: 66 | H7: M | J7: NA | K7: Gastric Dr Dung | L7: 2 | M7: 30 | N7: 0.882 | O7: 13.23 | P7: 4.41 | Q7: x>=3 | R7: R6914 | S7: 0.655836 | T7: 0.007746 | U7: 99.41 | V7: 43108676
A8: HNGH007 | B8: HNGH007 | C8: 0 | D8: 0 | E8: Healthy | G8: 48 | H8: F | J8: NA | K8: Gastric Dr Dung | L8: 2 | M8: 30 | N8: 0.645 | O8: 9.675 | P8: 4.515 | Q8: x>=3 | R8: R6914 | S8: 0.702234 | T8: 0.006975 | U8: 99.63 | V8: 45804074
A9: HNGH008 | B9: HNGH008 | C9: 0 | D9: 0 | E9: Healthy | G9: 40 | H9: M | J9: NA | K9: Gastric Dr Dung | L9: 2 | M9: 30 | N9: 0.49 | O9: 7.35 | P9: 4.9 | Q9: x>=3 | R9: R6914 | S9: 0.595394 | T9: 0.006908 | U9: 99.57 | V9: 39243030
A10: HNGH009 | B10: HNGH009 | C10: 0 | D10: 0 | E10: Healthy | G10: 44 | H10: M | J10: NA | K10: Gastric Dr Dung | L10: 1.8 | M10: 30 | N10: 0.469 | O10: 7.8166667 | P10: 4.69 | Q10: x>=3 | R10: R6914 | S10: 0.445259 | T10: 0.006292 | U10: 99.57 | V10: 29351340
A11: HNGH010 | B11: HNGH010 | C11: 0 | D11: 0 | E11: Healthy | G11: 41 | H11: F | J11: NA | K11: Gastric Dr Dung | L11: 2 | M11: 30 | N11: 0.263 | O11: 3.945 | P11: 4.734 | Q11: x>=3 | R11: R6914 | S11: 0.594517 | T11: 0.006092 | U11: 99.63 | V11: 38776752
A12: HNGH011 | B12: HNGH011 | C12: 0 | D12: 0 | E12: Healthy | G12: 53 | H12: M | J12: NA | K12: Gastric Dr Dung | L12: 1.8 | M12: 30 | N12: 0.491 | O12: 8.1833333 | P12: 4.91 | Q12: x>=3 | R12: R6914 | S12: 0.55277 | T12: 0.005696 | U12: 99.54 | V12: 36343719
A13: HNGH012 | B13: HNGH012 | C13: 0 | D13: 0 | E13: Healthy | G13: 60 | H13: M | J13: NA | K13: Gastric Dr Dung | L13: 1.5 | M13: 30 | N13: 0.39 | O13: 7.8 | P13: 4.68 | Q13: x>=3 | R13: R6914 | S13: 0.601377 | T13: 0.007063 | U13: 99.56 | V13: 39495594
... A22: HNGH021 | B22: HNGH021 | C22: 0 | D22: 0 | E22: Healthy | G22: 45 | H22: F | J22: NA | K22: Gastric Dr Dung | L22: 1.9 | M22: 30 | N22: 0.408 | O22: 6.4421053 | P22: 4.896 | Q22: x>=3 | R22: R7057 | S22: 0.341635 | T22: 0.006092 | U22: 99.62 | V22: 22366609
A23: HNGH022 | B23: HNGH022 | C23: #N/A | D23: #N/A | E23: Gastric_highrisk | G23: 49 | H23: F | J23: NA | K23: Gastric Dr Dung | L23: 2 | M23: 30 | N23: 0.462 | O23: 6.93 | P23: 4.851 | Q23: x>=3 | R23: R7073 | S23: 0.534842 | T23: 0.008276 | U23: 99.63 | V23: 34943102
A24: HNGH023 | B24: HNGH023 | C24: #N/A | D24: #N/A | E24: Gastric_highrisk | G24: 41 | H24: M | J24: NA | K24: Gastric Dr Dung | L24: 2 | M24: 30 | N24: 0.423 | O24: 6.345 | P24: 4.8645 | Q24: x>=3 | R24: R7073 | S24: 0.529241 | T24: 0.01082 | U24: 99.53 | V24: 34909292
A25: HNGH024 | B25: HNGH024 | C25: 0 | D25: 0 | E25: Healthy | G25: 54 | H25: M | J25: NA | K25: Gastric Dr Dung | L25: 2 | M25: 30 | N25: 0.734 | O25: 11.01 | P25: 4.404 | Q25: x>=3 | R25: R6958 | S25: 0.315615 | T25: 0.010651 | U25: 99.55 | V25: 20867049
A26: HNGH025 | B26: HNGH025 | C26: #N/A | D26: #N/A | E26: Healthy_khongnoisoi | G26: 56 | H26: F | J26: NA | K26: Gastric Dr Dung | L26: 1.9 | M26: 30 | N26: 0.294 | O26: 4.6421053 | P26: 4.998 | Q26: x>=3 | R26: R6958 | S26: 0.277116 | T26: 0.009676 | U26: 99.62 | V26: 18147246
A27: HNGH026 | B27: HNGH026 | C27: 0 | D27: 0 | E27: Healthy | G27: 43 | H27: M | J27: NA | K27: Gastric Dr Dung | L27: 1.5 | M27: 30 | N27: 0.331 | O27: 6.62 | P27: 4.965 | Q27: x>=3 | R27: R6958 | S27: 0.297606 | T27: 0.01114 | U27: 99.57 | V27: 19608324
A28: HNGH027 | B28: HNGH027 | C28: 0 | D28: 0 | E28: Healthy | G28: 38 | H28: M | J28: NA | K28: Gastric Dr Dung | L28: 2 | M28: 30 | N28: 0.512 | O28: 7.68 | P28: 4.608 | Q28: x>=3 | R28: R6958 | S28: 0.416885 | T28: 0.01016 | U28: 99.57 | V28: 27413051
A29: HNGH028 | B29: HNGH028 | C29: 0 | D29: 0 | E29: Healthy | G29: 63 | H29: F | J29: NA | K29: Gastric Dr Dung | L29: 1.5 | M29: 30 | N29: 0.473 | O29: 9.46 | P29: 4.73 | Q29: x>=3 | R29: R6958 | S29: 0.382742 | T29: 0.009041 | U29: 99.6 | V29: 25112817
A30: HNGH029 | B30: HNGH029 | C30: 0 | D30: 0 | E30: Healthy | G30: 58 | H30: F | J30: NA | K30: Gastric Dr Dung | L30: 1.5 | M30: 30 | N30: 0.323 | O30: 6.46 | P30: 4.845 | Q30: x>=3 | R30: R6958 | S30: 0.289796 | T30: 0.009124 | U30: 99.62 | V30: 18923741
A31: HNGH030 | B31: HNGH030 | C31: 0 | D31: 0 | E31: Healthy | G31: 64 | H31: F | J31: NA | K31: Gastric Dr Dung | L31: 1.7 | M31: 30 | N31: 1.11 | O31: 19.588235 | P31: 4.995 | Q31: x>=3 | R31: R6958 | S31: 0.399722 | T31: 0.012504 | U31: 99.61 | V31: 26240322
A32: HNGH031 | B32: HNGH031 | C32: 1 | D32: 4 | E32: Gastric | G32: 75 | H32: M | J32: NA | K32: Gastric Dr Dung | L32: 1.8 | M32: 30 | N32: 0.404 | O32: 6.7333333 | P32: 4.848 | Q32: x>=3 | R32: R7073 | S32: 0.52542 | T32: 0.007737 | U32: 99.55 | V32: 34692926
A33: HNGH032 | B33: HNGH032 | C33: 0 | D33: 0 | E33: Healthy | G33: 55 | H33: M | J33: NA | K33: Gastric Dr Dung | L33: 1.7 | M33: 30 | N33: 0.572 | O33: 10.094118 | P33: 4.862 | Q33: x>=3 | R33: R7073 | S33: 0.543498 | T33: 0.008369 | U33: 99.6 | V33: 35719789
A34: HNGH033 | B34: HNGH033 | C34: 0 | D34: 0 | E34: Healthy | G34: 48 | H34: F | J34: NA | K34: Gastric Dr Dung | L34: 1.7 | M34: 30 | N34: 0.247 | O34: 4.3588235 | P34: 4.446 | Q34: x>=3 | R34: R7073 | S34: 0.498396 | T34: 0.008509 | U34: 99.62 | V34: 32704685
A35: HNGH034 | B35: HNGH034 | C35: #N/A | D35: #N/A | E35: Healthy_khongnoisoi | G35: 67 | H35: M | J35: NA | K35: Gastric Dr Dung | L35: 1.5 | M35: 30 | N35: 0.569 | O35: 11.38 | P35: 4.8365 | Q35: x>=3 | R35: R7073 | S35: 0.552786 | T35: 0.007522 | U35: 99.6 | V35: 36290020
A36: HNGH035 | B36: HNGH035 | C36: 0 | D36: 0 | E36: Healthy | G36: 68 | H36: F | J36: NA | K36: Gastric Dr Dung | L36: 2 | M36: 30 | N36: 0.445 | O36: 6.675 | P36: 4.895 | Q36: x>=3 | R36: R6958 | S36: 0.320722 | T36: 0.009338 | U36: 99.58 | V36: 21049423
A37: HNGH036 | B37: HNGH036 | C37: 0 | D37: 0 | E37: Healthy | G37: 49 | H37: M | J37: NA | K37: Gastric Dr Dung | L37: 2 | M37: 30 | N37: 0.211 | O37: 3.165 | P37: 3.798 | Q37: x>=3 | R37: R6958 | S37: 0.267569 | T37: 0.010479 | U37: 99.55 | V37: 17689869
A38: HNGH037 | B38: HNGH037 | C38: 0 | D38: 0 | E38: Healthy | G38: 54 | H38: M | J38: NA | K38: Gastric Dr Dung | L38: 2 | M38: 30 | N38: 0.566 | O38: 8.49 | P38: 4.811 | Q38: x>=3 | R38: R6958 | S38: 0.379367 | T38: 0.010582 | U38: 99.57 | V38: 24959516
A39: HNGH038 | B39: HNGH038 | C39: 0 | D39: 0 | E39: Healthy | G39: 60 | H39: F | J39: NA | K39: Gastric Dr Dung | L39: 2 | M39: 30 | N39: 0.249 | O39: 3.735 | P39: 4.482 | Q39: x>=3 | R39: R6958 | S39: 0.270475 | T39: 0.009743 | U39: 99.59 | V39: 17746553
A40: HNGH039 | B40: HNGH039 | C40: 0 | D40: 0 | E40: Healthy | G40: 61 | H40: F | J40: NA | K40: Gastric Dr Dung | L40: 1.5 | M40: 30 | N40: 0.302 | O40: 6.04 | P40: 4.832 | Q40: x>=3 | R40: R6987 | S40: 0.499973 | T40: 0.005948 | U40: 99.64 | V40: 32676907
A41: HNGH040 | B41: HNGH040 | C41: 0 | D41: 0 | E41: Healthy | G41: 50 | H41: F | J41: NA | K41: Gastric Dr Dung | L41: 1.5 | M41: 30 | N41: 0.322 | O41: 6.44 | P41: 4.83 | Q41: x>=3 | R41: R6987 | S41: 0.643437 | T41: 0.006869 | U41: 99.62 | V41: 42211195
A42: HNGH041 | B42: HNGH041 | C42: 0 | D42: 0 | E42: Healthy | G42: 46 | H42: F | J42: NA | K42: Gastric Dr Dung | L42: 2 | M42: 30 | N42: 0.21 | O42: 3.15 | P42: 3.78 | Q42: x>=3 | R42: R6987 | S42: 0.512426 | T42: 0.005767 | U42: 99.62 | V42: 33500419
A43: HNGH042 | B43: HNGH042 | C43: 0 | D43: 0 | E43: Healthy | G43: 61 | H43: F | J43: NA | K43: Gastric Dr Dung | L43: 1.8 | M43: 30 | N43: 0.334 | O43: 5.5666667 | P43: 4.843 | Q43: x>=3 | R43: R6987 | S43: 0.572425 | T43: 0.005815 | U43: 99.62 | V43: 37384990
A44: HNGH043 | B44: HNGH043 | C44: 0 | D44: 0 | E44: Healthy | G44: 63 | H44: M | J44: NA | K44: Gastric Dr Dung | L44: 2 | M44: 30 | N44: 0.607 | O44: 9.105 | P44: 4.856 | Q44: x>=3 | R44: R6973 | S44: 0.428507 | T44: 0.00745 | U44: 99.56 | V44: 28233420
A45: HNGH044 | B45: HNGH044 | C45: 0 | D45: 0 | E45: Healthy | G45: 53 | H45: M | J45: NA | K45: Gastric Dr Dung | L45: 2 | M45: 30 | N45: 0.423 | O45: 6.345 | P45: 4.8645 | Q45: x>=3 | R45: R6973 | S45: 0.478096 | T45: 0.008404 | U45: 99.56 | V45: 31380943
A46: HNGH045 | B46: HNGH045 | C46: 0 | D46: 0 | E46: Healthy | G46: 56 | H46: M | J46: NA | K46: Gastric Dr Dung | L46: 2 | M46: 30 | N46: 0.329 | O46: 4.935 | P46: 4.935 | Q46: x>=3 | R46: R6973 | S46: 0.520086 | T46: 0.00915 | U46: 99.55 | V46: 34360292
A47: HNGH046 | B47: HNGH046 | C47: 0 | D47: 0 | E47: Healthy | G47: 59 | H47: F | J47: NA | K47: Gastric Dr Dung | L47: 1.5 | M47: 30 | N47: 0.405 | O47: 8.1 | P47: 4.86 | Q47: x>=3 | R47: R6973 | S47: 0.484236 | T47: 0.008277 | U47: 99.6 | V47: 31737150
... A50: HNGH049 | B50: HNGH049 | C50: 0 | D50: 0 | E50: Healthy | G50: 40 | H50: M | J50: NA | K50: Gastric Dr Dung | L50: 2 | M50: 30 | N50: 0.747 | O50: 11.205 | P50: 4.8555 | Q50: x>=3 | R50: R6973 | S50: 0.545921 | T50: 0.008402 | U50: 99.53 | V50: 36067535
A51: HNGH050 | B51: HNGH050 | C51: #N/A | D51: #N/A | E51: Healthy_khongnoisoi | G51: 54 | H51: M | J51: NA | K51: Gastric Dr Dung | L51: 2 | M51: 30 | N51: 0.379 | O51: 5.685 | P51: 4.927 | Q51: x>=3 | R51: R6973 | S51: 0.53274 | T51: 0.007752 | U51: 99.62 | V51: 35157057
A52: HNGH051 | B52: HNGH051 | C52: 0 | D52: 0 | E52: Healthy | G52: 56 | H52: F | J52: NA | K52: Gastric Dr Dung | L52: 2 | M52: 30 | N52: 0.203 | O52: 3.045 | P52: 3.654 | Q52: x>=3 | R52: R7017 | S52: 0.573041 | T52: 0.006374 | U52: 99.62 | V52: 37710485
A53: HNGH052 | B53: HNGH052 | C53: 0 | D53: 0 | E53: Healthy | G53: 63 | H53: M | J53: NA | K53: Gastric Dr Dung | L53: 1.5 | M53: 30 | N53: 0.274 | O53: 5.48 | P53: 4.932 | Q53: x>=3 | R53: R7017 | S53: 0.584606 | T53: 0.00885 | U53: 99.52 | V53: 38677387
A54: HNGH053 | B54: HNGH053 | C54: 0 | D54: 0 | E54: Healthy | G54: 56 | H54: F | J54: NA | K54: Gastric Dr Dung | L54: 2 | M54: 30 | N54: 0.393 | O54: 5.895 | P54: 4.9125 | Q54: x>=3 | R54: R7017 | S54: 0.480605 | T54: 0.006531 | U54: 99.62 | V54: 31546876
A55: HNGH054 | B55: HNGH054 | C55: 0 | D55: 0 | E55: Healthy | G55: 70 | H55: M | J55: NA | K55: Gastric Dr Dung | L55: 1.6 | M55: 30 | N55: 0.298 | O55: 5.5875 | P55: 4.917 | Q55: x>=3 | R55: R7017 | S55: 0.530863 | T55: 0.007812 | U55: 99.52 | V55: 35005466
A56: HNGH055 | B56: HNGH055 | C56: #N/A | D56: #N/A | E56: Healthy_khongnoisoi | G56: 53 | H56: M | J56: NA | K56: Gastric Dr Dung | L56: 1.7 | M56: 30 | N56: 0.776 | O56: 13.694118 | P56: 4.656 | Q56: x>=3 | R56: R7017 | S56: 0.503794 | T56: 0.007103 | U56: 99.56 | V56: 33417148
A57: HNGH056 | B57: HNGH056 | C57: 0 | D57: 0 | E57: Healthy | G57: 63 | H57: F | J57: NA | K57: Gastric Dr Dung | L57: 1.7 | M57: 30 | N57: 0.778 | O57: 13.729412 | P57: 4.668 | Q57: x>=3 | R57: R7017 | S57: 0.568229 | T57: 0.006645 | U57: 99.62 | V57: 37235308
A58: HNGH057 | B58: HNGH057 | C58: 0 | D58: 0 | E58: Healthy | G58: 80 | H58: F | J58: NA | K58: Gastric Dr Dung | L58: 1.6 | M58: 30 | N58: 0.729 | O58: 13.66875 | P58: 4.7385 | Q58: x>=3 | R58: R7017 | S58: 0.589884 | T58: 0.006786 | U58: 99.57 | V58: 38914740
A59: HNGH058 | B59: HNGH058 | C59: 0 | D59: 0 | E59: Healthy | G59: 52 | H59: F | J59: NA | K59: Gastric Dr Dung | L59: 1.6 | M59: 30 | N59: 0.25 | O59: 4.6875 | P59: 4.5 | Q59: x>=3 | R59: R7017 | S59: 0.588525 | T59: 0.00773 | U59: 99.43 | V59: 38643675
A60: HNGH059 | B60: HNGH059 | C60: 0 | D60: 0 | E60: Healthy | G60: 44 | H60: M | J60: NA | K60: Gastric Dr Dung | L60: 2 | M60: 30 | N60: 0.892 | O60: 13.38 | P60: 5.352 | Q60: x>=3 | R60: R7017 | S60: 0.57975 | T60: 0.00758 | U60: 99.57 | V60: 38037766
A61: HNGH060 | B61: HNGH060 | C61: #N/A | D61: #N/A | E61: Healthy_thumausai | G61: 48 | H61: M | J61: NA | K61: Gastric Dr Dung | L61: 2 | M61: 30 | N61: 0.577 | O61: 8.655 | P61: 4.9045 | Q61: x>=3 | R61: R7017 | S61: 0.475121 | T61: 0.007224 | U61: 99.43 | V61: 31466951
A62: HNGH062 | B62: HNGH062 | C62: 0 | D62: 0 | E62: Healthy | G62: 71 | H62: M | J62: NA | K62: Gastric Dr Dung | L62: 1.8 | M62: 30 | N62: 0.244 | O62: 4.0666667 | P62: 4.392 | Q62: x>=3 | R62: R7017 | S62: 0.561743 | T62: 0.008912 | U62: 99.35 | V62: 37278984
A63: HNGH063 | B63: HNGH063 | C63: 0 | D63: 0 | E63: Healthy | G63: 55 | H63: M | J63: NA | K63: Gastric Dr Dung | L63: 1.5 | M63: 30 | N63: 0.855 | O63: 17.1 | P63: 5.13 | Q63: x>=3 | R63: R7017 | S63: 0.585065 | T63: 0.008528 | U63: 99.54 | V63: 38617227
A64: HNGH064 | B64: HNGH064 | C64: 0 | D64: 0 | E64: Healthy | G64: 61 | H64: M | J64: NA | K64: Gastric Dr Dung | L64: 2 | M64: 30 | N64: 0.67 | O64: 10.05 | P64: 4.69 | Q64: x>=3 | R64: R7017 | S64: 0.473458 | T64: 0.006783 | U64: 99.46 | V64: 31197799
A65: HNGH065 | B65: HNGH065 | C65: 0 | D65: 0 | E65: Healthy | G65: 64 | H65: F | J65: NA | K65: Gastric Dr Dung | L65: 1.6 | M65: 30 | N65: 0.495 | O65: 9.28125 | P65: 4.95 | Q65: x>=3 | R65: R7017 | S65: 0.494804 | T65: 0.006442 | U65: 99.55 | V65: 32397904
A66: HNGH066 | B66: HNGH066 | C66: 0 | D66: 0 | E66: Healthy | G66: 64 | H66: M | J66: NA | K66: Gastric Dr Dung | L66: 1.8 | M66: 30 | N66: 0.446 | O66: 7.4333333 | P66: 4.906 | Q66: x>=3 | R66: R7017 | S66: 0.513423 | T66: 0.007273 | U66: 99.43 | V66: 34039676
A67: HNGH067 | B67: HNGH067 | C67: 0 | D67: 0 | E67: Healthy | G67: 57 | H67: F | J67: NA | K67: Gastric Dr Dung | L67: 2 | M67: 30 | N67: 0.36 | O67: 5.4 | P67: 4.86 | Q67: x>=3 | R67: R7017 | S67: 0.548026 | T67: 0.007117 | U67: 99.5 | V67: 35995351
A68: HNGH068 | B68: HNGH068 | C68: 0 | D68: 0 | E68: Healthy | G68: 60 | H68: M | J68: NA | K68: Gastric Dr Dung | L68: 2 | M68: 30 | N68: 0.325 | O68: 4.875 | P68: 4.875 | Q68: x>=3 | R68: R7057 | S68: 0.431608 | T68: 0.006692 | U68: 99.58 | V68: 28264911
A69: HNGH069 | B69: HNGH069 | C69: 0 | D69: 0 | E69: Healthy | G69: 51 | H69: M | J69: NA | K69: Gastric Dr Dung | L69: 2 | M69: 30 | N69: 1 | O69: 15 | P69: 5 | Q69: x>=3 | R69: R7057 | S69: 0.551578 | T69: 0.006196 | U69: 99.58 | V69: 36134422
A70: HNGH070 | B70: HNGH070 | C70: 0 | D70: 0 | E70: Healthy | G70: 64 | H70: M | J70: NA | K70: Gastric Dr Dung | L70: 1.5 | M70: 30 | N70: 0.33 | O70: 6.6 | P70: 4.95 | Q70: x>=3 | R70: R7057 | S70: 0.554899 | T70: 0.006633 | U70: 99.53 | V70: 36461142
A71: HNGH071 | B71: HNGH071 | C71: 0 | D71: 0 | E71: Healthy | G71: 68 | H71: F | J71: NA | K71: Gastric Dr Dung | L71: 1.9 | M71: 30 | N71: 0.556 | O71: 8.7789474 | P71: 4.726 | Q71: x>=3 | R71: R7057 | S71: 0.524958 | T71: 0.007104 | U71: 99.61 | V71: 34420468
A72: HNGH072 | B72: HNGH072 | C72: 0 | D72: 0 | E72: Healthy | G72: 65 | H72: M | J72: NA | K72: Gastric Dr Dung | L72: 1.5 | M72: 30 | N72: 0.286 | O72: 5.72 | P72: 4.862 | Q72: x>=3 | R72: R7128 | S72: 0.481221 | T72: 0.008411 | U72: 99.55 | V72: 31547770
A73: HNGH073 | B73: HNGH073 | C73: 0 | D73: 0 | E73: Healthy | G73: 72 | H73: F | J73: NA | K73: Gastric Dr Dung | L73: 1.8 | M73: 30 | N73: 3.05 | O73: 50.833333 | P73: 5.0138 | Q73: x>=3 | R73: R7128 | S73: 0.354049 | T73: 0.009049 | U73: 99.61 | V73: 23190540
... A76: HNGH076 | B76: HNGH076 | C76: 0 | D76: 0 | E76: Healthy | G76: 85 | H76: M | J76: NA | K76: Gastric Dr Dung | L76: 2 | M76: 30 | N76: 0.587 | O76: 8.805 | P76: 4.9895 | Q76: x>=3 | R76: R7150 | S76: 0.49083 | T76: 0.008412 | U76: 99.56 | V76: 32335850
A77: HNGK001 | B77: HNGK001 | C77: 1 | D77: 401 | E77: Gastric_precancerous | F77: Dysplasia | G77: 71 | H77: M | I77: NA | J77: NA | K77: Gastric Dr Dung | L77: 1 | M77: 30 | N77: 0.192 | O77: 5.76 | P77: 3.456 | Q77: x>=3 | R77: R6384 | S77: 0.609785 | T77: 0.006969 | U77: 100 | V77: 39169994
A78: HNGK002 | B78: HNGK002 | C78: 1 | D78: 4 | E78: Gastric | F78: DHYHN | G78: 66 | H78: F | I78: IIIB | J78: IIIB | K78: Gastric Dr Dung | L78: 1 | M78: 30 | N78: 0.531 | O78: 15.93 | P78: 5.31 | Q78: x>=3 | R78: R6111 | S78: #N/A | T78: #N/A | U78: #N/A | V78: #N/A
A79: HNGK003 | B79: HNGK003 | C79: 1 | D79: 4 | E79: Gastric | F79: DHYHN | G79: 72 | H79: F | I79: IIA | J79: II | K79: Gastric Dr Dung | L79: 1 | M79: 30 | N79: 0.239 | O79: 7.17 | P79: 4.302 | Q79: x>=3 | R79: R6384 | S79: 0.45858 | T79: 0.005579 | U79: 100 | V79: 29261854
A80: HNGK004 | B80: HNGK004 | C80: 1 | D80: 4 | E80: Gastric | F80: DHYHN | G80: 69 | H80: F | I80: IA | J80: I | K80: Gastric Dr Dung | L80: 1 | M80: 30 | N80: 0.332 | O80: 9.96 | P80: 5.976 | Q80: x>=3 | R80: R6384 | S80: 0.547179 | T80: 0.006094 | U80: 100 | V80: 34922084
A81: HNGK005 | B81: HNGK005 | C81: 1 | D81: 4 | E81: Gastric | F81: DHYHN | G81: 48 | H81: M | I81: IB | J81: I | K81: Gastric Dr Dung | L81: 1 | M81: 30 | N81: 0.145 | O81: 4.35 | P81: 2.61 | Q81: 2<=x<3 | R81: R6384 | S81: 0.586345 | T81: 0.006401 | U81: 100 | V81: 37660544
A82: HNGK006 | B82: HNGK006 | C82: 1 | D82: 4 | E82: Gastric | F82: DHYHN | G82: 77 | H82: F | I82: IIIC | J82: IIIC | K82: Gastric Dr Dung | L82: 1 | M82: 30 | N82: 0.139 | O82: 4.17 | P82: 2.502 | Q82: 2<=x<3 | R82: R6384 | S82: 0.543499 | T82: 0.006908 | U82: 100 | V82: 34764692
A83: HNGK007 | B83: HNGK007 | C83: 1 | D83: 4 | E83: Gastric | F83: DHYHN | G83: 55 | H83: M | I83: IIA | J83: II | K83: Gastric Dr Dung | L83: 1 | M83: 30 | N83: 0.09 | O83: 2.7 | P83: 1.62 | Q83: 1<=x<2 | R83: R6384 | S83: 0.473357 | T83: 0.006841 | U83: 100 | V83: 30373268
A84: HNGK008 | B84: HNGK008 | C84: 1 | D84: 4 | E84: Gastric | F84: DHYHN | G84: 35 | H84: M | I84: IA | J84: I | K84: Gastric Dr Dung | L84: 1 | M84: 30 | N84: 0.11 | O84: 3.3 | P84: 1.98 | Q84: 1<=x<2 | R84: R6384 | S84: 0.479222 | T84: 0.0074 | U84: 100 | V84: 30753152
A85: HNGK009 | B85: HNGK009 | C85: 1 | D85: 4 | E85: Gastric | F85: DHYHN | G85: 86 | H85: M | I85: IB | J85: I | K85: Gastric Dr Dung | L85: 1 | M85: 30 | N85: 0.257 | O85: 7.71 | P85: 4.626 | Q85: x>=3 | R85: R6384 | S85: 0.496111 | T85: 0.005986 | U85: 100 | V85: 31644558
A86: HNGK010 | B86: HNGK010 | C86: 1 | D86: 4 | E86: Gastric | F86: DHYHN | G86: 74 | H86: F | I86: IA | J86: I | K86: Gastric Dr Dung | L86: 1 | M86: 30 | N86: 0.105 | O86: 3.15 | P86: 1.89 | Q86: 1<=x<2 | R86: R6384 | S86: 0.6254 | T86: 0.007198 | U86: 100 | V86: 40126404
A87: HNGK011 | B87: HNGK011 | C87: 1 | D87: 4 | E87: Gastric | F87: DHYHN | G87: 73 | H87: M | I87: IA | J87: I | K87: Gastric Dr Dung | L87: 1 | M87: 30 | N87: 0.217 | O87: 6.51 | P87: 3.906 | Q87: x>=3 | R87: R6386 | S87: 0.440161 | T87: 0.005053 | U87: 100 | V87: 28103982
A88: HNGK012R1 | B88: HNGK012 | C88: 1 | D88: 4 | E88: Gastric | F88: DHYHN | G88: 44 | H88: F | I88: IA | J88: I | K88: Gastric Dr Dung | L88: 1 | M88: 30 | N88: 0.07 | O88: 2.1 | P88: 1.26 | Q88: 1<=x<2 | R88: R6258 | S88: 0.480575 | T88: 0.007514 | U88: 99.58 | V88: 31246234
A89: HNGK013 | B89: HNGK013 | C89: 1 | D89: 4 | E89: Gastric | F89: DHYHN | G89: 60 | H89: M | I89: IIA | J89: II | K89: Gastric Dr Dung | L89: 1 | M89: 30 | N89: 0.145 | O89: 4.35 | P89: 2.61 | Q89: 2<=x<3 | R89: R6386 | S89: 0.394436 | T89: 0.005711 | U89: 100 | V89: 25187454
A90: HNGK014 | B90: HNGK014 | C90: 1 | D90: 4 | E90: Gastric | F90: DHYHN | G90: 73 | H90: M | I90: IIIC | J90: IIIC | K90: Gastric Dr Dung | L90: 1 | M90: 30 | N90: 1.94 | O90: 58.2 | P90: 7.76 | Q90: x>=3 | R90: R6386 | S90: 0.498109 | T90: 0.004566 | U90: 100 | V90: 31999072
... A111: HNGK035 | B111: HNGK035 | C111: 1 | D111: 4 | E111: Gastric | F111: DHYHN | G111: 50 | H111: M | I111: IB | J111: I | K111: Gastric Dr Dung | L111: 2 | M111: 30 | N111: 0.258 | O111: 3.87 | P111: 4.644 | Q111: x>=3 | R111: R6885 | S111: 0.523075 | T111: 0.006785 | U111: 99.55 | V111: 34368719
A112: HNGK036 | B112: HNGK036 | C112: #N/A | D112: #N/A | E112: Gastric_thumausai | F112: BV K | G112: 32 | H112: F | I112: IIB | J112: II | K112: Gastric Dr Dung | L112: 1.7 | M112: 30 | N112: 0.629 | O112: 11.1 | P112: 4.403 | Q112: x>=3 | R112: R6914 | S112: 0.556487 | T112: 0.006396 | U112: 99.64 | V112: 36056212
A113: HNGK037 | B113: HNGK037 | C113: #N/A | D113: #N/A | E113: Gastric_thumausai | F113: BV K | G113: 55 | H113: M | I113: IV | J113: IV | K113: Gastric Dr Dung | L113: 1.5 | M113: 30 | N113: 0.506 | O113: 10.12 | P113: 4.554 | Q113: x>=3 | R113: R6914 | S113: 0.60404 | T113: 0.006607 | U113: 99.5 | V113: 39763648
A114: HNGK038 | B114: HNGK038 | C114: #N/A | D114: #N/A | E114: Gastric_thumausai | F114: BV K | G114: 66 | H114: M | I114: IIIC | J114: IIIC | K114: Gastric Dr Dung | L114: 1.8 | M114: 30 | N114: 0.455 | O114: 7.5833333 | P114: 4.55 | Q114: x>=3 | R114: R6926 | S114: 0.635716 | T114: 0.006639 | U114: 99.55 | V114: 41736745
A115: HNGK039 | B115: HNGK039 | C115: 1 | D115: 4 | E115: Gastric | F115: DHYHN | G115: 80 | H115: F | I115: IIIB | J115: IIIB | K115: Gastric Dr Dung | L115: 1.7 | M115: 30 | N115: 0.195 | O115: 3.4411765 | P115: 3.51 | Q115: x>=3 | R115: R6926 | S115: 0.607492 | T115: 0.007143 | U115: 99.61 | V115: 39745304
A116: HNGK040 | B116: HNGK040 | C116: #N/A | D116: #N/A | E116: Gastric_thumausai | F116: BV K | G116: 56 | H116: M | I116: IV | J116: IV | K116: Gastric Dr Dung | L116: 2 | M116: 30 | N116: 0.761 | O116: 11.415 | P116: 4.566 | Q116: x>=3 | R116: R6958 | S116: 0.322709 | T116: 0.009589 | U116: 99.57 | V116: 21225064
A117: HNGK041 | B117: HNGK041 | C117: #N/A | D117: #N/A | E117: Gastric_thumausai | F117: BV K | G117: 60 | H117: F | I117: IIB | J117: II | K117: Gastric Dr Dung | L117: 2 | M117: 30 | N117: 0.34 | O117: 5.1 | P117: 4.76 | Q117: x>=3 | R117: R6958 | S117: 0.283328 | T117: 0.009948 | U117: 99.59 | V117: 18525353
A118: HNGK042 | B118: HNGK042 | C118: #N/A | D118: #N/A | E118: Gastric_thumausai and Colorectal | F118: BV K | G118: 60 | H118: M | I118: NA | J118: NA | K118: Gastric Dr Dung | L118: 2 | M118: 30 | N118: 0.318 | O118: 4.77 | P118: 4.77 | Q118: x>=3 | R118: R6958 | S118: 0.433433 | T118: 0.011305 | U118: 99.55 | V118: 28644410
A119: HNGK043 | B119: HNGK043 | C119: #N/A | D119: #N/A | E119: Gastric_thumausai | F119: BV K | G119: 73 | H119: M | I119: IA | J119: I | K119: Gastric Dr Dung | L119: 2 | M119: 30 | N119: 0.643 | O119: 9.645 | P119: 4.501 | Q119: x>=3 | R119: R6958 | S119: 0.38611 | T119: 0.010076 | U119: 99.57 | V119: 25429840
A120: HNGK044 | B120: HNGK044 | C120: #N/A | D120: #N/A | E120: Gastric_thumausai | F120: BV K | G120: 73 | H120: F | I120: IIIB | J120: IIIB | K120: Gastric Dr Dung | L120: 2 | M120: 30 | N120: 0.608 | O120: 9.12 | P120: 4.864 | Q120: x>=3 | R120: R6958 | S120: 0.405524 | T120: 0.010457 | U120: 99.6 | V120: 26613216
A121: HNGK045 | B121: HNGK045 | C121: #N/A | D121: #N/A | E121: Gastric_thumausai | F121: BV K | G121: 58 | H121: M | I121: IIB | J121: II | K121: Gastric Dr Dung | L121: 1.9 | M121: 30 | N121: 0.694 | O121: 10.957895 | P121: 4.858 | Q121: x>=3 | R121: R7057 | S121: 0.576838 | T121: 0.006153 | U121: 99.63 | V121: 37551017
A122: HNGK046 | B122: HNGK046 | C122: #N/A | D122: #N/A | E122: Gastric_precancerous_thumausai | F122: BV K | G122: 62 | H122: M | I122: NA | J122: NA | K122: Gastric Dr Dung | L122: 1.8 | M122: 30 | N122: 0.761 | O122: 12.683333 | P122: 5.327 | Q122: x>=3 | R122: R7057 | S122: 0.524323 | T122: 0.006275 | U122: 99.56 | V122: 34446320
A123: HNGK047 | B123: HNGK047 | C123: #N/A | D123: #N/A | E123: Gastric_thumausai | F123: BV K | G123: 60 | H123: M | I123: IIIC | J123: IIIC | K123: Gastric Dr Dung | L123: 2 | M123: 30 | N123: 0.675 | O123: 10.125 | P123: 4.725 | Q123: x>=3 | R123: R6958 | S123: 0.319089 | T123: 0.010544 | U123: 99.55 | V123: 21094584
A124: HNGK048 | B124: HNGK048 | C124: #N/A | D124: #N/A | E124: Gastric_metastasis_thumausai | F124: BV K | G124: 46 | H124: F | I124: NA | J124: NA | K124: Gastric Dr Dung | L124: 2 | M124: 30 | N124: 0.535 | O124: 8.025 | P124: 4.815 | Q124: x>=3 | R124: R6958 | S124: 0.308046 | T124: 0.009152 | U124: 99.58 | V124: 20203126
A125: HNGK049 | B125: HNGK049 | C125: 1 | D125: 4 | E125: Gastric | F125: DHYHN | G125: 63 | H125: F | I125: IIIC | J125: IIIC | K125: Gastric Dr Dung | L125: 1.7 | M125: 30 | N125: 0.309 | O125: 5.4529412 | P125: 4.944 | Q125: x>=3 | R125: R6987 | S125: 0.495108 | T125: 0.006034 | U125: 99.63 | V125: 32498209
A126: HNGK050 | B126: HNGK050 | C126: 1 | D126: 4 | E126: Gastric | F126: DHYHN | G126: 63 | H126: M | I126: IA | J126: I | K126: Gastric Dr Dung | L126: 2 | M126: 30 | N126: 0.492 | O126: 7.38 | P126: 4.92 | Q126: x>=3 | R126: R6987 | S126: 0.459223 | T126: 0.005208 | U126: 99.62 | V126: 30034015
A127: HNGK051 | B127: HNGK051 | C127: #N/A | D127: #N/A | E127: Gastric_thumausai | F127: BV K | G127: 60 | H127: F | I127: IIIB | J127: IIIB | K127: Gastric Dr Dung | L127: 1.4 | M127: 30 | N127: 1.2 | O127: 25.714286 | P127: 4.8 | Q127: x>=3 | R127: R6973 | S127: 0.47638 | T127: 0.007468 | U127: 99.63 | V127: 31281857
A128: HNGK052 | B128: HNGK052 | C128: #N/A | D128: #N/A | E128: Gastric_thumausai | F128: BV K | G128: 73 | H128: F | I128: IIIA | J128: IIIA | K128: Gastric Dr Dung | L128: 2 | M128: 30 | N128: 0.273 | O128: 4.095 | P128: 4.914 | Q128: x>=3 | R128: R6973 | S128: 0.408267 | T128: 0.006813 | U128: 99.63 | V128: 26736667
A129: HNGK053 | B129: HNGK053 | C129: #N/A | D129: #N/A | E129: Gastric_thumausai | F129: BV K | G129: 69 | H129: M | I129: IIIA | J129: IIIA | K129: Gastric Dr Dung | L129: 1.7 | M129: 30 | N129: 0.7 | O129: 12.352941 | P129: 4.9 | Q129: x>=3 | R129: R6973 | S129: 0.545669 | T129: 0.008215 | U129: 99.52 | V129: 35997532
A130: HNGK054 | B130: HNGK054 | C130: #N/A | D130: #N/A | E130: Gastric_thumausai | F130: BV K | G130: 69 | H130: M | I130: IIIA | J130: IIIA | K130: Gastric Dr Dung | L130: 2 | M130: 30 | N130: 1.58 | O130: 23.7 | P130: 4.74 | Q130: x>=3 | R130: R6973 | S130: 0.540065 | T130: 0.007825 | U130: 99.61 | V130: 35504412
A131: HNGK055 | B131: HNGK055 | C131: #N/A | D131: #N/A | E131: Gastric_thumausai | F131: BV K | G131: 71 | H131: F | I131: IB | J131: I | K131: Gastric Dr Dung | L131: 2 | M131: 30 | N131: 0.583 | O131: 8.745 | P131: 4.9555 | Q131: x>=3 | R131: R6973 | S131: 0.607623 | T131: 0.007266 | U131: 99.63 | V131: 39854931
A132: HNGK056 | B132: HNGK056 | C132: 1 | D132: 4 | E132: Gastric | F132: DHYHN | G132: 71 | H132: F | I132: IIA | J132: II | K132: Gastric Dr Dung | L132: 2 | M132: 30 | N132: 0.481 | O132: 7.215 | P132: 4.81 | Q132: x>=3 | R132: R6973 | S132: 0.510924 | T132: 0.007466 | U132: 99.63 | V132: 33407014
...

Sheet Sheet2
B1: Tổng số mẫu đã nhận | C1: Tổng số đã chạy | D1: Sẽ chạy
A2: Gastric cancer | B2: =COUNTIF(Sheet1!E:E,"Gastric") -> 58 | C2: =COUNTIFS(Sheet1!E:E,"Gastric",Sheet1!P:P,"Yes") -> 0 | D2: =B2-C2 -> 58
A3: Gastric cancer thu sai quy cách | B3: =COUNTIF(Sheet1!E:E,"Gastric_thumausai") -> 28 | C3: =COUNTIFS(Sheet1!E:E,"Gastric_thumausai",Sheet1!P:P,"Yes") -> 0 | D3: =B3-C3 -> 28
A4: Healthy control | B4: =COUNTIF(Sheet1!E:E,"Healthy") -> 67 | C4: =COUNTIFS(Sheet1!E:E,"Healthy",Sheet1!P:P,"Yes") -> 0 | D4: =B4-C4 -> 67
A5: Healthy control thu sai quy cách | B5: =COUNTIF(Sheet1!E:E,"Healthy_thumausai") -> 1 | C5: =COUNTIFS(Sheet1!E:E,"Healthy_thumausai",Sheet1!P:P,"Yes") -> 0 | D5: =B5-C5 -> 1

Sheet Sheet3
A1: Personel | B1: 9102024 | C1: Labcode | D1: cfDNA concentration (ng/ul) | E1: Notes | F1: V plasma | G1: Cohort | H1: Quy trình tách | I1: Quy trình chạy | J1: Vị trí cất plasma | K1: Ng | L1: Đã dùng | M1: Còn lại | N1: Quyet dinh | O1: V plasma đã dùng
B2: ET26-14 | C2: HNGH001 | D2: 0.325 | F2: 2 | G2: Gastric Dr Dung | H2: Tách tay | I2: nonBS | K2: =D2*25 -> 8.125 | L2: =IF(5/D2>18,18,5/D2) -> 15.384615 | M2: =(25-L2)*D2 -> 3.125 | N2: Chạy | O2: 2
B3: ET26-15 | C3: HNGH002 | D3: 0.258 | F3: 2 | G3: Gastric Dr Dung | H3: Tách tay | I3: nonBS | K3: =D3*25 -> 6.45 | L3: =IF(5/D3>18,18,5/D3) -> 18 | M3: =(25-L3)*D3 -> 1.806 | N3: Tách lại | O3: 2
B4: ET26-16 | C4: HNGH003 | D4: 0.153 | F4: 2 | G4: Gastric Dr Dung | H4: Tách tay | I4: nonBS | K4: =D4*25 -> 3.825 | L4: =IF(5/D4>18,18,5/D4) -> 18 | M4: =(25-L4)*D4 -> 1.071 | N4: Tách lại | O4: 2
B5: ET30-4 | C5: HNGH005 | D5: 0.498 | E5: 12.45 | F5: 1.5 | G5: Gastric Dr Dung | H5: Tách máy 2ml | I5: nonBS | K5: =D5*25 -> 12.45 | L5: =IF(5/D5>18,18,5/D5) -> 10.040161 | M5: =(25-L5)*D5 -> 7.45 | N5: Chạy | O5: 1.5
B6: ET30-5 | C6: HNGH006 | D6: 0.882 | E6: 22.05 | F6: 2 | G6: Gastric Dr Dung | H6: Tách máy 2ml | I6: nonBS | J6: Hộp HNGH, Tầng 2 trên xuống, cây 1 phải sang, khay 2 dưới lên | K6: =D6*25 -> 22.05 | L6: =IF(5/D6>18,18,5/D6) -> 5.6689342 | M6: =(25-L6)*D6 -> 17.05 | N6: Chạy | O6: 2
B7: ET30-6 | C7: HNGH007 | D7: 0.645 | E7: 16.125 | F7: 2 | G7: Gastric Dr Dung | H7: Tách máy 2ml | I7: nonBS | J7: Hộp HNGH, Tầng 2 trên xuống, cây 1 phải sang, khay 2 dưới lên | K7: =D7*25 -> 16.125 | L7: =IF(5/D7>18,18,5/D7) -> 7.751938 | M7: =(25-L7)*D7 -> 11.125 | N7: Chạy | O7: 2
B8: ET30-7 | C8: HNGH008 | D8: 0.49 | E8: 12.25 | F8: 2 | G8: Gastric Dr Dung | H8: Tách máy 2ml | I8: nonBS | J8: Hộp HNGH, Tầng 2 trên xuống, cây 1 phải sang, khay 2 dưới lên | K8: =D8*25 -> 12.25 | L8: =IF(5/D8>18,18,5/D8) -> 10.204082 | M8: =(25-L8)*D8 -> 7.25 | N8: Chạy | O8: 2
B9: ET30-8 | C9: HNGH009 | D9: 0.469 | E9: 11.725 | F9: 1.8 | G9: Gastric Dr Dung | H9: Tách máy 2ml | I9: nonBS | J9: Hộp HNGH, Tầng 2 trên xuống, cây 1 phải sang, khay 2 dưới lên | K9: =D9*25 -> 11.725 | L9: =IF(5/D9>18,18,5/D9) -> 10.660981 | M9: =(25-L9)*D9 -> 6.725 | N9: Chạy | O9: 1.8
B10: ET30-9 | C10: HNGH010 | D10: 0.263 | E10: 6.575 | F10: 2 | G10: Gastric Dr Dung | H10: Tách máy 2ml | I10: nonBS | J10: Hộp HNGH, Tầng 2 trên xuống, cây 1 phải sang, khay 2 dưới lên | K10: =D10*25 -> 6.575 | L10: =IF(5/D10>18,18,5/D10) -> 18 | M10: =(25-L10)*D10 -> 1.841 | N10: Tách lại | O10: 2
B11: ET30-10 | C11: HNGH011 | D11: 0.491 | E11: 12.275 | F11: 1.8 | G11: Gastric Dr Dung | H11: Tách máy 2ml | I11: nonBS | J11: Hộp HNGH, Tầng 2 trên xuống, cây 1 phải sang, khay 2 dưới lên | K11: =D11*25 -> 12.275 | L11: =IF(5/D11>18,18,5/D11) -> 10.183299 | M11: =(25-L11)*D11 -> 7.275 | N11: Chạy | O11: 1.8
B12: ET30-11 | C12: HNGH012 | D12: 0.39 | E12: 9.75 | F12: 1.5 | G12: Gastric Dr Dung | H12: Tách máy 2ml | I12: nonBS | J12: Hộp HNGH, Tầng 2 trên xuống, cây 1 phải sang, khay 2 dưới lên | K12: =D12*25 -> 9.75 | L12: =IF(5/D12>18,18,5/D12) -> 12.820513 | M12: =(25-L12)*D12 -> 4.75 | N12: Chạy | O12: 1.5
B13: ET30-12 | C13: HNGH013 | D13: 0.364 | E13: 9.1 | F13: 2 | G13: Gastric Dr Dung | H13: Tách máy 2ml | I13: nonBS | J13: Hộp HNGH, Tầng 2 trên xuống, cây 1 phải sang, khay 2 dưới lên | K13: =D13*25 -> 9.1 | L13: =IF(5/D13>18,18,5/D13) -> 13.736264 | M13: =(25-L13)*D13 -> 4.1 | N13: Chạy | O13: 2
B14: ET30-13 | C14: HNGH014 | D14: 0.402 | E14: 10.05 | F14: 2 | G14: Gastric Dr Dung | H14: Tách máy 2ml | I14: nonBS | J14: Hộp HNGH, Tầng 2 trên xuống, cây 1 phải sang, khay 2 dưới lên | K14: =D14*25 -> 10.05 | L14: =IF(5/D14>18,18,5/D14) -> 12.437811 | M14: =(25-L14)*D14 -> 5.05 | N14: Chạy | O14: 2
B15: ET30-14 | C15: HNGH015 | D15: 0.572 | E15: 14.3 | F15: 2 | G15: Gastric Dr Dung | H15: Tách máy 2ml | I15: nonBS | J15: Hộp HNGH, Tầng 2 trên xuống, cây 1 phải sang, khay 2 dưới lên | K15: =D15*25 -> 14.3 | L15: =IF(5/D15>18,18,5/D15) -> 8.7412587 | M15: =(25-L15)*D15 -> 9.3 | N15: Chạy | O15: 2
B16: ET30-15 | C16: HNGH016 | D16: 0.798 | E16: 19.95 | F16: 1.8 | G16: Gastric Dr Dung | H16: Tách máy 2ml | I16: nonBS | J16: Hộp HNGH, Tầng 2 trên xuống, cây 1 phải sang, khay 2 dưới lên | K16: =D16*25 -> 19.95 | L16: =IF(5/D16>18,18,5/D16) -> 6.2656642 | M16: =(25-L16)*D16 -> 14.95 | N16: Chạy | O16: 1.8
B17: ET31-23 | C17: HNGH017 | D17: 0.388 | F17: 1.7 | G17: Gastric Dr Dung | I17: nonBS | J17: 9.7 | K17: =D17*25 -> 9.7 | L17: =IF(5/D17>18,18,5/D17) -> 12.886598 | M17: =(25-L17)*D17 -> 4.7 | N17: Chạy | O17: 1.7
B18: ET31-24 | C18: HNGH018 | D18: 0.875 | F18: 1.7 | G18: Gastric Dr Dung | I18: nonBS | J18: 21.875 | K18: =D18*25 -> 21.875 | L18: =IF(5/D18>18,18,5/D18) -> 5.7142857 | M18: =(25-L18)*D18 -> 16.875 | N18: Chạy | O18: 1.7
B19: ET41-16 | C19: HNGH019 | D19: 1.25 | E19: 16 | F19: 2 | G19: Gastric Dr Dung | H19: Tách máy 2ml | I19: nonBS | K19: =D19*25 -> 31.25 | L19: =IF(5/D19>18,18,5/D19) -> 4 | M19: =(25-L19)*D19 -> 26.25 | N19: Chạy | O19: 2
B20: ET41-17 | C20: HNGH020 | D20: 0.311 | E20: 17 | F20: 1.9 | G20: Gastric Dr Dung | H20: Tách máy 2ml | I20: nonBS | K20: =D20*25 -> 7.775 | L20: =IF(5/D20>18,18,5/D20) -> 16.07717 | M20: =(25-L20)*D20 -> 2.775 | N20: Chạy | O20: 1.9
B21: ET41-18 | C21: HNGH021 | D21: 0.408 | E21: 18 | F21: 1.9 | G21: Gastric Dr Dung | H21: Tách máy 2ml | I21: nonBS | K21: =D21*25 -> 10.2 | L21: =IF(5/D21>18,18,5/D21) -> 12.254902 | M21: =(25-L21)*D21 -> 5.2 | N21: Chạy | O21: 1.9
B22: ET41-19 | C22: HNGH022 | D22: 0.462 | E22: 19 | F22: 2 | G22: Gastric Dr Dung | H22: Tách máy 2ml | I22: nonBS | K22: =D22*25 -> 11.55 | L22: =IF(5/D22>18,18,5/D22) -> 10.822511 | M22: =(25-L22)*D22 -> 6.55 | N22: Chạy | O22: 2
B23: ET41-20 | C23: HNGH023 | D23: 0.423 | E23: 20 | F23: 2 | G23: Gastric Dr Dung | H23: Tách máy 2ml | I23: nonBS | K23: =D23*25 -> 10.575 | L23: =IF(5/D23>18,18,5/D23) -> 11.820331 | M23: =(25-L23)*D23 -> 5.575 | N23: Chạy | O23: 2
A24: Luyen | B24: ET32-20 | C24: HNGH024 | D24: 0.734 | E24: 20 | F24: 2 | G24: Gastric Dr Dung | I24: nonBS | K24: =D24*25 -> 18.35 | L24: =IF(5/D24>18,18,5/D24) -> 6.8119891 | M24: =(25-L24)*D24 -> 13.35 | N24: Chạy | O24: 2
B25: ET32-21 | C25: HNGH025 | D25: 0.294 | E25: 21 | F25: 1.9 | G25: Gastric Dr Dung | I25: nonBS | K25: =D25*25 -> 7.35 | L25: =IF(5/D25>18,18,5/D25) -> 17.006803 | M25: =(25-L25)*D25 -> 2.35 | N25: Chạy | O25: 1.9
B26: ET32-22 | C26: HNGH026 | D26: 0.331 | E26: 22 | F26: 1.5 | G26: Gastric Dr Dung | I26: nonBS | K26: =D26*25 -> 8.275 | L26: =IF(5/D26>18,18,5/D26) -> 15.10574 | M26: =(25-L26)*D26 -> 3.275 | N26: Chạy | O26: 1.5
B27: ET32-23 | C27: HNGH027 | D27: 0.512 | E27: 23 | F27: 2 | G27: Gastric Dr Dung | I27: nonBS | K27: =D27*25 -> 12.8 | L27: =IF(5/D27>18,18,5/D27) -> 9.765625 | M27: =(25-L27)*D27 -> 7.8 | N27: Chạy | O27: 2
B28: ET32-24 | C28: HNGH028 | D28: 0.473 | E28: 24 | F28: 1.5 | G28: Gastric Dr Dung | I28: nonBS | K28: =D28*25 -> 11.825 | L28: =IF(5/D28>18,18,5/D28) -> 10.570825 | M28: =(25-L28)*D28 -> 6.825 | N28: Chạy | O28: 1.5
B29: ET32-25 | C29: HNGH029 | D29: 0.323 | E29: 25 | F29: 1.5 | G29: Gastric Dr Dung | I29: nonBS | K29: =D29*25 -> 8.075 | L29: =IF(5/D29>18,18,5/D29) -> 15.479876 | M29: =(25-L29)*D29 -> 3.075 | N29: Chạy | O29: 1.5
B30: ET32-26 | C30: HNGH030 | D30: 1.11 | E30: 26 | F30: 1.7 | G30: Gastric Dr Dung | I30: nonBS | K30: =D30*25 -> 27.75 | L30: =IF(5/D30>18,18,5/D30) -> 4.5045045 | M30: =(25-L30)*D30 -> 22.75 | N30: Chạy | O30: 1.7
B31: ET41-21 | C31: HNGH031 | D31: 0.404 | E31: 21 | F31: 1.8 | G31: Gastric Dr Dung | H31: Tách máy 2ml | I31: nonBS | K31: =D31*25 -> 10.1 | L31: =IF(5/D31>18,18,5/D31) -> 12.376238 | M31: =(25-L31)*D31 -> 5.1 | N31: Chạy | O31: 1.8
B32: ET41-22 | C32: HNGH032 | D32: 0.572 | E32: 22 | F32: 1.7 | G32: Gastric Dr Dung | H32: Tách máy 2ml | I32: nonBS | K32: =D32*25 -> 14.3 | L32: =IF(5/D32>18,18,5/D32) -> 8.7412587 | M32: =(25-L32)*D32 -> 9.3 | N32: Chạy | O32: 1.7
B33: ET41-23 | C33: HNGH033 | D33: 0.247 | E33: 23 | F33: 1.7 | G33: Gastric Dr Dung | H33: Tách máy 2ml | I33: nonBS | K33: =D33*25 -> 6.175 | L33: =IF(5/D33>18,18,5/D33) -> 18 | M33: =(25-L33)*D33 -> 1.729 | N33: Tách lại | O33: 1.7
B34: ET41-24 | C34: HNGH034 | D34: 0.569 | E34: 24 | F34: 1.5 | G34: Gastric Dr Dung | H34: Tách máy 2ml | I34: nonBS | K34: =D34*25 -> 14.225 | L34: =IF(5/D34>18,18,5/D34) -> 8.7873462 | M34: =(25-L34)*D34 -> 9.225 | N34: Chạy | O34: 1.5
B35: ET33-27 | C35: HNGH035 | D35: 0.445 | E35: 11.125 | F35: 2 | G35: Gastric Dr Dung | H35: Tách máy 2ml | I35: NonBS | K35: =D35*25 -> 11.125 | L35: =IF(5/D35>18,18,5/D35) -> 11.235955 | M35: =(25-L35)*D35 -> 6.125 | N35: Chạy | O35: 2
B36: ET33-28 | C36: HNGH036 | D36: 0.211 | E36: 5.275 | F36: 2 | G36: Gastric Dr Dung | H36: Tách máy 2ml | I36: NonBS | K36: =D36*25 -> 5.275 | L36: =IF(5/D36>18,18,5/D36) -> 18 | M36: =(25-L36)*D36 -> 1.477 | N36: Tách lại | O36: 2
B37: ET33-29 | C37: HNGH037 | D37: 0.566 | E37: 14.15 | F37: 2 | G37: Gastric Dr Dung | H37: Tách máy 2ml | I37: NonBS | K37: =D37*25 -> 14.15 | L37: =IF(5/D37>18,18,5/D37) -> 8.8339223 | M37: =(25-L37)*D37 -> 9.15 | N37: Chạy | O37: 2
B38: ET33-30 | C38: HNGH038 | D38: 0.249 | E38: 6.225 | F38: 2 | G38: Gastric Dr Dung | H38: Tách máy 2ml | I38: NonBS | K38: =D38*25 -> 6.225 | L38: =IF(5/D38>18,18,5/D38) -> 18 | M38: =(25-L38)*D38 -> 1.743 | N38: Tách lại | O38: 2
B39: ET35-28 | C39: HNGH039 | D39: 0.302 | E39: 28 | F39: 1.5 | G39: Gastric Dr Dung | H39: Tách máy 2ml | I39: NonBS | K39: =D39*25 -> 7.55 | L39: =IF(5/D39>18,18,5/D39) -> 16.556291 | M39: =(25-L39)*D39 -> 2.55 | N39: Chạy | O39: 1.5
B40: ET35-29 | C40: HNGH040 | D40: 0.322 | E40: 29 | F40: 1.5 | G40: Gastric Dr Dung | H40: Tách máy 2ml | I40: NonBS | K40: =D40*25 -> 8.05 | L40: =IF(5/D40>18,18,5/D40) -> 15.52795 | M40: =(25-L40)*D40 -> 3.05 | N40: Chạy | O40: 1.5
B41: ET35-30 | C41: HNGH041 | D41: 0.21 | E41: 30 | F41: 2 | G41: Gastric Dr Dung | H41: Tách máy 2ml | I41: NonBS | K41: =D41*25 -> 5.25 | L41: =IF(5/D41>18,18,5/D41) -> 18 | M41: =(25-L41)*D41 -> 1.47 | N41: Tách lại | O41: 2
B42: ET35-31 | C42: HNGH042 | D42: 0.334 | E42: 31 | F42: 1.8 | G42: Gastric Dr Dung | H42: Tách máy 2ml | I42: NonBS | K42: =D42*25 -> 8.35 | L42: =IF(5/D42>18,18,5/D42) -> 14.97006 | M42: =(25-L42)*D42 -> 3.35 | N42: Chạy | O42: 1.8
A43: Ho | B43: ET35-33 | C43: HNGH043 | D43: 0.607 | E43: 33 | F43: 2 | G43: Gastric Dr Dung | H43: Tách tay | I43: NonBS | K43: =D43*25 -> 15.175 | L43: =IF(5/D43>18,18,5/D43) -> 8.2372323 | M43: =(25-L43)*D43 -> 10.175 | N43: Chạy | O43: 2
B44: ET35-34 | C44: HNGH044 | D44: 0.423 | E44: 34 | F44: 2 | G44: Gastric Dr Dung | H44: Tách tay | I44: NonBS | K44: =D44*25 -> 10.575 | L44: =IF(5/D44>18,18,5/D44) -> 11.820331 | M44: =(25-L44)*D44 -> 5.575 | N44: Chạy | O44: 2
B45: ET35-35 | C45: HNGH045 | D45: 0.329 | E45: 35 | F45: 2 | G45: Gastric Dr Dung | H45: Tách tay | I45: NonBS | K45: =D45*25 -> 8.225 | L45: =IF(5/D45>18,18,5/D45) -> 15.197568 | M45: =(25-L45)*D45 -> 3.225 | N45: Chạy | O45: 2
B46: ET35-32 | C46: HNGH046 | D46: 0.405 | E46: 32 | F46: 1.5 | G46: Gastric Dr Dung | H46: Tách máy 2ml | I46: NonBS | K46: =D46*25 -> 10.125 | L46: =IF(5/D46>18,18,5/D46) -> 12.345679 | M46: =(25-L46)*D46 -> 5.125 | N46: Chạy | O46: 1.5
B47: ET35-36 | C47: HNGH047 | D47: 0.575 | E47: 36 | F47: 1.9 | G47: Gastric Dr Dung | H47: Tách tay | I47: NonBS | K47: =D47*25 -> 14.375 | L47: =IF(5/D47>18,18,5/D47) -> 8.6956522 | M47: =(25-L47)*D47 -> 9.375 | N47: Chạy | O47: 1.9
B48: ET35-37 | C48: HNGH048 | D48: 0.48 | E48: 37 | F48: 2 | G48: Gastric Dr Dung | H48: Tách tay | I48: NonBS | K48: =D48*25 -> 12 | L48: =IF(5/D48>18,18,5/D48) -> 10.416667 | M48: =(25-L48)*D48 -> 7 | N48: Chạy | O48: 2
B49: ET35-38 | C49: HNGH049 | D49: 0.747 | E49: 38 | F49: 2 | G49: Gastric Dr Dung | H49: Tách tay | I49: NonBS | K49: =D49*25 -> 18.675 | L49: =IF(5/D49>18,18,5/D49) -> 6.6934404 | M49: =(25-L49)*D49 -> 13.675 | N49: Chạy | O49: 2
B50: ET35-39 | C50: HNGH050 | D50: 0.379 | E50: 39 | F50: 2 | G50: Gastric Dr Dung | H50: Tách tay | I50: NonBS | K50: =D50*25 -> 9.475 | L50: =IF(5/D50>18,18,5/D50) -> 13.192612 | M50: =(25-L50)*D50 -> 4.475 | N50: Chạy | O50: 2
B51: ET35-40 | C51: HNGH051 | D51: 0.203 | E51: 40 | F51: 2 | G51: Gastric Dr Dung | H51: Tách tay | I51: NonBS | K51: =D51*25 -> 5.075 | L51: =IF(5/D51>18,18,5/D51) -> 18 | M51: =(25-L51)*D51 -> 1.421 | N51: Tách lại | O51: 2
B52: ET37-20 | C52: HNGH052 | D52: 0.274 | F52: 1.5 | G52: Gastric Dr Dung | H52: Tách máy 2ml | I52: NonBS | J52: 6.85 | K52: =D52*25 -> 6.85 | L52: =IF(5/D52>18,18,5/D52) -> 18 | M52: =(25-L52)*D52 -> 1.918 | N52: Tách lại | O52: 1.5
B53: ET37-21 | C53: HNGH053 | D53: 0.393 | F53: 2 | G53: Gastric Dr Dung | H53: Tách máy 2ml | I53: NonBS | J53: 9.825 | K53: =D53*25 -> 9.825 | L53: =IF(5/D53>18,18,5/D53) -> 12.722646 | M53: =(25-L53)*D53 -> 4.825 | N53: Chạy | O53: 2
B54: ET37-22 | C54: HNGH054 | D54: 0.298 | F54: 1.6 | G54: Gastric Dr Dung | H54: Tách máy 2ml | I54: NonBS | J54: 7.45 | K54: =D54*25 -> 7.45 | L54: =IF(5/D54>18,18,5/D54) -> 16.778523 | M54: =(25-L54)*D54 -> 2.45 | N54: Chạy | O54: 1.6
B55: ET37-23 | C55: HNGH055 | D55: 0.776 | F55: 1.7 | G55: Gastric Dr Dung | H55: Tách máy 2ml | I55: NonBS | J55: 19.4 | K55: =D55*25 -> 19.4 | L55: =IF(5/D55>18,18,5/D55) -> 6.443299 | M55: =(25-L55)*D55 -> 14.4 | N55: Chạy | O55: 1.7
B56: ET37-24 | C56: HNGH056 | D56: 0.778 | F56: 1.7 | G56: Gastric Dr Dung | H56: Tách máy 2ml | I56: NonBS | J56: 19.45 | K56: =D56*25 -> 19.45 | L56: =IF(5/D56>18,18,5/D56) -> 6.4267352 | M56: =(25-L56)*D56 -> 14.45 | N56: Chạy | O56: 1.7
B57: ET39-8 | C57: HNGH057 | D57: 0.729 | F57: 1.6 | G57: Gastric Dr Dung | H57: Tách máy 2ml | I57: nonBS | K57: =D57*25 -> 18.225 | L57: =IF(5/D57>18,18,5/D57) -> 6.8587106 | M57: =(25-L57)*D57 -> 13.225 | N57: Chạy | O57: 1.6
B58: ET39-9 | C58: HNGH058 | D58: 0.25 | F58: 1.6 | G58: Gastric Dr Dung | H58: Tách máy 2ml | I58: nonBS | K58: =D58*25 -> 6.25 | L58: =IF(5/D58>18,18,5/D58) -> 18 | M58: =(25-L58)*D58 -> 1.75 | N58: Tách lại | O58: 1.6
B59: ET39-10 | C59: HNGH059 | D59: 1.24 | F59: 2 | G59: Gastric Dr Dung | H59: Tách máy 2ml | I59: nonBS | K59: =D59*25 -> 31 | L59: =IF(5/D59>18,18,5/D59) -> 4.0322581 | M59: =(25-L59)*D59 -> 26 | N59: Chạy | O59: 2
B60: ET39-11 | C60: HNGH060 | D60: 0.577 | F60: 2 | G60: Gastric Dr Dung | H60: Tách máy 2ml | I60: nonBS | K60: =D60*25 -> 14.425 | L60: =IF(5/D60>18,18,5/D60) -> 8.6655113 | M60: =(25-L60)*D60 -> 9.425 | N60: Chạy | O60: 2
B61: ET39-13 | C61: HNGH062 | D61: 0.244 | E61: Cẩn thận nhầm H với K | F61: 1.8 | G61: Gastric Dr Dung | H61: Tách máy 2ml | I61: nonBS | K61: =D61*25 -> 6.1 | L61: =IF(5/D61>18,18,5/D61) -> 18 | M61: =(25-L61)*D61 -> 1.708 | N61: Tách lại | O61: 1.8
B62: ET39-14 | C62: HNGH063 | D62: 1.34 | E62: Cẩn thận nhầm H với K | F62: 1.5 | G62: Gastric Dr Dung | H62: Tách máy 2ml | I62: nonBS | K62: =D62*25 -> 33.5 | L62: =IF(5/D62>18,18,5/D62) -> 3.7313433 | M62: =(25-L62)*D62 -> 28.5 | N62: Chạy | O62: 1.5
B63: ET39-15 | C63: HNGH064 | D63: 0.67 | E63: Cẩn thận nhầm H với K | F63: 2 | G63: Gastric Dr Dung | H63: Tách máy 2ml | I63: nonBS | K63: =D63*25 -> 16.75 | L63: =IF(5/D63>18,18,5/D63) -> 7.4626866 | M63: =(25-L63)*D63 -> 11.75 | N63: Chạy | O63: 2
B64: ET39-16 | C64: HNGH065 | D64: 0.495 | E64: Cẩn thận nhầm H với K | F64: 1.6 | G64: Gastric Dr Dung | H64: Tách máy 2ml | I64: nonBS | K64: =D64*25 -> 12.375 | L64: =IF(5/D64>18,18,5/D64) -> 10.10101 | M64: =(25-L64)*D64 -> 7.375 | N64: Chạy | O64: 1.6
B65: ET39-17 | C65: HNGH066 | D65: 0.446 | E65: Cẩn thận nhầm H với K | F65: 1.8 | G65: Gastric Dr Dung | H65: Tách máy 2ml | I65: nonBS | K65: =D65*25 -> 11.15 | L65: =IF(5/D65>18,18,5/D65) -> 11.210762 | M65: =(25-L65)*D65 -> 6.15 | N65: Chạy | O65: 1.8
B66: ET39-18 | C66: HNGH067 | D66: 0.36 | E66: Cẩn thận nhầm H với K | F66: 2 | G66: Gastric Dr Dung | H66: Tách máy 2ml | I66: nonBS | K66: =D66*25 -> 9 | L66: =IF(5/D66>18,18,5/D66) -> 13.888889 | M66: =(25-L66)*D66 -> 4 | N66: Chạy | O66: 2
B67: ET40-43 | C67: HNGH068 | D67: 0.325 | F67: 2 | G67: Gastric Dr Dung | H67: Tách tay | I67: nonBS | K67: =D67*25 -> 8.125 | L67: =IF(5/D67>18,18,5/D67) -> 15.384615 | M67: =(25-L67)*D67 -> 3.125 | N67: Chạy | O67: 2
B68: ET40-29 | C68: HNGH069 | D68: 1 | F68: 2 | G68: Gastric Dr Dung | H68: Tách máy 2ml | I68: nonBS | K68: =D68*25 -> 25 | L68: =IF(5/D68>18,18,5/D68) -> 5 | M68: =(25-L68)*D68 -> 20 | N68: Chạy | O68: 2
B69: ET40-30 | C69: HNGH070 | D69: 0.33 | F69: 1.5 | G69: Gastric Dr Dung | H69: Tách máy 2ml | I69: nonBS | K69: =D69*25 -> 8.25 | L69: =IF(5/D69>18,18,5/D69) -> 15.151515 | M69: =(25-L69)*D69 -> 3.25 | N69: Chạy | O69: 1.5
B70: ET40-31 | C70: HNGH071 | D70: 0.556 | F70: 1.9 | G70: Gastric Dr Dung | H70: Tách máy 2ml | I70: nonBS | K70: =D70*25 -> 13.9 | L70: =IF(5/D70>18,18,5/D70) -> 8.9928058 | M70: =(25-L70)*D70 -> 8.9 | N70: Chạy | O70: 1.9
B71: ET41-25 | C71: HNGH072 | D71: 0.286 | E71: 25 | F71: 1.5 | G71: Gastric Dr Dung | H71: Tách máy 2ml | I71: nonBS | K71: =D71*25 -> 7.15 | L71: =IF(5/D71>18,18,5/D71) -> 17.482517 | M71: =(25-L71)*D71 -> 2.15 | N71: Chạy | O71: 1.5
B72: ET43-19 | C72: HNGH073 | D72: 3.05 | F72: 1.8 | G72: Gastric Dr Dung | I72: nonBS | K72: =D72*25 -> 76.25 | L72: =IF(5/D72>18,18,5/D72) -> 1.6393443 | M72: =(25-L72)*D72 -> 71.25 | N72: Chạy | O72: 1.8
B73: ET43-20 | C73: HNGH074 | D73: 0.873 | F73: 2 | G73: Gastric Dr Dung | I73: nonBS | K73: =D73*25 -> 21.825 | L73: =IF(5/D73>18,18,5/D73) -> 5.7273769 | M73: =(25-L73)*D73 -> 16.825 | N73: Chạy | O73: 2
B74: ET45-8 | C74: HNGH075 | D74: 0.464 | E74: 11.6 | F74: 1.7 | G74: Gastric Dr Dung | I74: nonBS | K74: =D74*25 -> 11.6 | L74: =IF(5/D74>18,18,5/D74) -> 10.775862 | M74: =(25-L74)*D74 -> 6.6 | N74: Chạy | O74: 1.7
B75: ET46-3 | C75: HNGH076 | D75: 0.587 | F75: 2 | G75: Gastric Dr Dung | I75: nonBS | K75: =D75*25 -> 14.675 | L75: =IF(5/D75>18,18,5/D75) -> 8.5178876 | M75: =(25-L75)*D75 -> 9.675 | N75: Chạy | O75: 2
B76: 53 | C76: HNGK001 | D76: 0.192 | F76: 1 | G76: Gastric Dr Dung | H76: Tách máy 1ml | I76: nonBS | K76: =D76*25 -> 4.8 | L76: =IF(5/D76>18,18,5/D76) -> 18 | M76: =(25-L76)*D76 -> 1.344 | N76: Tách lại | O76: 1
B77: 54 | C77: HNGK003 | D77: 0.239 | F77: 1 | G77: Gastric Dr Dung | H77: Tách máy 1ml | I77: nonBS | K77: =D77*25 -> 5.975 | L77: =IF(5/D77>18,18,5/D77) -> 18 | M77: =(25-L77)*D77 -> 1.673 | N77: Tách lại | O77: 1
B78: 55 | C78: HNGK004 | D78: 0.332 | F78: 1 | G78: Gastric Dr Dung | H78: Tách máy 1ml | I78: nonBS | K78: =D78*25 -> 8.3 | L78: =IF(5/D78>18,18,5/D78) -> 15.060241 | M78: =(25-L78)*D78 -> 3.3 | N78: Tách lại | O78: 1
B79: 56 | C79: HNGK005 | D79: 0.145 | F79: 1 | G79: Gastric Dr Dung | H79: Tách máy 1ml | I79: nonBS | K79: =D79*25 -> 3.625 | L79: =IF(5/D79>18,18,5/D79) -> 18 | M79: =(25-L79)*D79 -> 1.015 | N79: Tách lại | O79: 1
B80: 57 | C80: HNGK006 | D80: 0.139 | F80: 1 | G80: Gastric Dr Dung | H80: Tách máy 1ml | I80: nonBS | K80: =D80*25 -> 3.475 | L80: =IF(5/D80>18,18,5/D80) -> 18 | M80: =(25-L80)*D80 -> 0.973 | N80: Tách lại | O80: 1
B81: 58 | C81: HNGK007 | D81: 0.09 | F81: 1 | G81: Gastric Dr Dung | H81: Tách máy 1ml | I81: nonBS | K81: =D81*25 -> 2.25 | L81: =IF(5/D81>18,18,5/D81) -> 18 | M81: =(25-L81)*D81 -> 0.63 | N81: Tách lại | O81: 1
B82: 59 | C82: HNGK008 | D82: 0.11 | F82: 1 | G82: Gastric Dr Dung | H82: Tách máy 1ml | I82: nonBS | K82: =D82*25 -> 2.75 | L82: =IF(5/D82>18,18,5/D82) -> 18 | M82: =(25-L82)*D82 -> 0.77 | N82: Tách lại | O82: 1
B83: 60 | C83: HNGK009 | D83: 0.257 | F83: 1 | G83: Gastric Dr Dung | H83: Tách máy 1ml | I83: nonBS | K83: =D83*25 -> 6.425 | L83: =IF(5/D83>18,18,5/D83) -> 18 | M83: =(25-L83)*D83 -> 1.799 | N83: Tách lại | O83: 1
B84: 61 | C84: HNGK010 | D84: 0.105 | F84: 1 | G84: Gastric Dr Dung | H84: Tách máy 1ml | I84: nonBS | K84: =D84*25 -> 2.625 | L84: =IF(5/D84>18,18,5/D84) -> 18 | M84: =(25-L84)*D84 -> 0.735 | N84: Tách lại | O84: 1
B85: 62 | C85: HNGK011 | D85: 0.217 | F85: 1 | G85: Gastric Dr Dung | H85: Tách máy 1ml | I85: nonBS | K85: =D85*25 -> 5.425 | L85: =IF(5/D85>18,18,5/D85) -> 18 | M85: =(25-L85)*D85 -> 1.519 | N85: Tách lại | O85: 1
B86: 19 | C86: HNGK012 | D86: Đã gửi TM 26/11 | E86: Đã nhận cất hộp Extraction 14/11 | F86: 1 | G86: Gastric | I86: non-BS | K86: =D86*25 -> #VALUE! | L86: =IF(5/D86>18,18,5/D86) -> #VALUE! | M86: =(25-L86)*D86 -> #VALUE! | N86: Tách lại | O86: 1
B87: 63 | C87: HNGK013 | D87: 0.145 | F87: 1 | G87: Gastric Dr Dung | H87: Tách máy 1ml | I87: nonBS | K87: =D87*25 -> 3.625 | L87: =IF(5/D87>18,18,5/D87) -> 18 | M87: =(25-L87)*D87 -> 1.015 | N87: Tách lại | O87: 1
B88: 64 | C88: HNGK014 | D88: 1.94 | F88: 1 | G88: Gastric Dr Dung | H88: Tách máy 1ml | I88: nonBS | K88: =D88*25 -> 48.5 | L88: =IF(5/D88>18,18,5/D88) -> 2.5773196 | M88: =(25-L88)*D88 -> 43.5 | N88: Tách lại | O88: 1
B89: 65 | C89: HNGK015 | D89: 0.189 | F89: 1 | G89: Gastric Dr Dung | H89: Tách máy 1ml | I89: nonBS | K89: =D89*25 -> 4.725 | L89: =IF(5/D89>18,18,5/D89) -> 18 | M89: =(25-L89)*D89 -> 1.323 | N89: Tách lại | O89: 2
B90: 66 | C90: HNGK015 (2) | D90: 0.1 | F90: 1 | G90: Gastric Dr Dung | H90: Tách máy 1ml | I90: V1 | K90: =D90*25 -> 2.5 | L90: =IF(5/D90>18,18,5/D90) -> 18 | M90: =(25-L90)*D90 -> 0.7 | N90: Tách lại | O90: 2
B91: 67 | C91: HNGK016 | D91: 0.164 | F91: 1 | G91: Gastric Dr Dung | H91: Tách máy 1ml | I91: nonBS | K91: =D91*25 -> 4.1 | L91: =IF(5/D91>18,18,5/D91) -> 18 | M91: =(25-L91)*D91 -> 1.148 | N91: Tách lại | O91: 2
B92: 68 | C92: HNGK016 (2) | D92: 0.109 | F92: 1 | G92: Gastric Dr Dung | H92: Tách máy 1ml | I92: V1 | K92: =D92*25 -> 2.725 | L92: =IF(5/D92>18,18,5/D92) -> 18 | M92: =(25-L92)*D92 -> 0.763 | N92: Tách lại | O92: 2
B93: 49 | C93: HNGK017 (1) | D93: 0.271 | F93: 1 | G93: Gastric | H93: Tách máy 1ml | I93: nonBS | J93: Hỏi Huy | K93: =D93*25 -> 6.775 | L93: =IF(5/D93>18,18,5/D93) -> 18 | M93: =(25-L93)*D93 -> 1.897 | N93: Tách lại | O93: 2
B94: 50 | C94: HNGK017 (2) | D94: 0.261 | F94: 1 | G94: Gastric | H94: Tách máy 1ml | I94: V1 | J94: Hỏi Huy | K94: =D94*25 -> 6.525 | L94: =IF(5/D94>18,18,5/D94) -> 18 | M94: =(25-L94)*D94 -> 1.827 | N94: Tách lại | O94: 2
B95: 51 | C95: HNGK018 (1) | D95: 0.226 | F95: 1 | G95: Gastric | H95: Tách máy 1ml | I95: nonBS | J95: Hỏi Huy | K95: =D95*25 -> 5.65 | L95: =IF(5/D95>18,18,5/D95) -> 18 | M95: =(25-L95)*D95 -> 1.582 | N95: Tách lại | O95: 2
B96: 52 | C96: HNGK018 (2) | D96: 0.2 | F96: 1 | G96: Gastric | H96: Tách máy 1ml | I96: V1 | J96: Hỏi Huy | K96: =D96*25 -> 5 | L96: =IF(5/D96>18,18,5/D96) -> 18 | M96: =(25-L96)*D96 -> 1.4 | N96: Tách lại | O96: 2
B97: 73 | C97: HNGK019 | D97: 0.15 | F97: 1 | G97: Gastric Dr Dung | H97: Tách máy 1 ml | I97: NonBS | K97: =D97*25 -> 3.75 | L97: =IF(5/D97>18,18,5/D97) -> 18 | M97: =(25-L97)*D97 -> 1.05 | N97: Tách lại | O97: 3
B98: ET5-91 | C98: HNGK019 | D98: 0.127 | E98: 139 | F98: 1 | G98: Gastric Dr Dung | H98: Tách tay | I98: V1 (Tách lại do fail lib) | K98: =D98*25 -> 3.175 | L98: =IF(5/D98>18,18,5/D98) -> 18 | M98: =(25-L98)*D98 -> 0.889 | N98: Tách lại | O98: 3
B99: 74 | C99: HNGK019 (2) | D99: 0.153 | F99: 1 | G99: Gastric Dr Dung | H99: Tách máy 1 ml | I99: V1 | K99: =D99*25 -> 3.825 | L99: =IF(5/D99>18,18,5/D99) -> 18 | M99: =(25-L99)*D99 -> 1.071 | N99: Tách lại | O99: 3
B100: ET2-21 | C100: HNGK020 | D100: 0.147 | E100: 45 | F100: 1 | G100: Gastric Dr Dung | H100: Tách tay | I100: V1 | K100: =D100*25 -> 3.675 | L100: =IF(5/D100>18,18,5/D100) -> 18 | M100: =(25-L100)*D100 -> 1.029 | N100: Tách lại | O100: 2
...

Sheet Sheet4
A1: Labcode | B1: V plasma đã dùng | C1: V plasma tổng | D1: V còn | E1: V sẽ tách | H1: Labcode | I1: Thể tích plasma
A2: HNGH002 | B2: 2 | C2: =VLOOKUP(A2,$H$2:$I$200,2,0) -> 5.4 | D2: =C2-B2 -> 3.4 | E2: 2 | H2: HNGK001 | I2: 3
A3: HNGH003 | B3: 2 | C3: =VLOOKUP(A3,$H$2:$I$200,2,0) -> 4.2 | D3: =C3-B3 -> 2.2 | E3: 1.2 | H3: HNGK002 | I3: 4.7
A4: HNGH010 | B4: 2 | C4: =VLOOKUP(A4,$H$2:$I$200,2,0) -> 4 | D4: =C4-B4 -> 2 | E4: 1 | H4: HNGK003 | I4: 4
A5: HNGH033 | B5: 1.7 | C5: =VLOOKUP(A5,$H$2:$I$200,2,0) -> 4.7 | D5: =C5-B5 -> 3 | E5: 2 | H5: HNGK004 | I5: 4.5
A6: HNGH036 | B6: 2 | C6: =VLOOKUP(A6,$H$2:$I$200,2,0) -> 4.6 | D6: =C6-B6 -> 2.6 | E6: 1.6 | H6: HNGK005 | I6: 4.7
A7: HNGH038 | B7: 2 | C7: =VLOOKUP(A7,$H$2:$I$200,2,0) -> 4.9 | D7: =C7-B7 -> 2.9 | E7: 1.9 | H7: HNGK006 | I7: 4.9
A8: HNGH041 | B8: 2 | C8: =VLOOKUP(A8,$H$2:$I$200,2,0) -> 4.2 | D8: =C8-B8 -> 2.2 | E8: 1.2 | H8: HNGK007 | I8: 3.9
A9: HNGH051 | B9: 2 | C9: =VLOOKUP(A9,$H$2:$I$200,2,0) -> 4.8 | D9: =C9-B9 -> 2.8 | E9: 1.8 | H9: HNGK008 | I9: 4.4
A10: HNGH052 | B10: 1.5 | C10: =VLOOKUP(A10,$H$2:$I$200,2,0) -> 3.5 | D10: =C10-B10 -> 2 | E10: 1 | H10: HNGK009 | I10: 5.3
A11: HNGH058 | B11: 1.6 | C11: =VLOOKUP(A11,$H$2:$I$200,2,0) -> 3.6 | D11: =C11-B11 -> 2 | E11: 1 | H11: HNGK010 | I11: 4.3
A12: HNGH062 | B12: 1.8 | C12: =VLOOKUP(A12,$H$2:$I$200,2,0) -> 4.8 | D12: =C12-B12 -> 3 | E12: 2 | H12: HNGK011 | I12: 4.2
A13: HNGK001 | B13: 1 | C13: =VLOOKUP(A13,$H$2:$I$200,2,0) -> 3 | D13: =C13-B13 -> 2 | E13: 1 | H13: HNGK012 | I13: 3.9
... A47: HNGK100 | B47: 1.8 | C47: =VLOOKUP(A47,$H$2:$I$200,2,0) -> 4.8 | D47: =C47-B47 -> 3 | E47: 2 | H47: HNGK046 | I47: 4.8
H48: HNGK047 | I48: 5.1
H49: HNGK048
H50: HNGK049 | I50: 4.7
H51: HNGK050 | I51: 4
H52: HNGK051 | I52: 4.4
H53: HNGK052 | I53: 5
H54: HNGK053 | I54: 3.7
H55: HNGK054 | I55: 5
H56: HNGK055 | I56: 5.5
H57: HNGK056 | I57: 4.5
H58: HNGK057 | I58: 5
H59: HNGK058 | I59: 5
H60: HNGK059 | I60: 4.5
H61: HNGK060 | I61: 5.6
... H106: HNGK105 | I106: 4.1
H107: HNGK106
H108: HNGH001 | I108: 4.5
H109: HNGH002 | I109: 5.4
H110: HNGH003 | I110: 4.2
H111: HNGH004 | I111: 4.4
H112: HNGH005 | I112: 4.5
H113: HNGH006 | I113: 3
H114: HNGH007 | I114: 5
H115: HNGH008 | I115: 4
H116: HNGH009 | I116: 3.8
H117: HNGH010 | I117: 4
H118: HNGH011 | I118: 3.8
H119: HNGH012 | I119: 4.5
... H167: HNGH060 | I167: 4.3
H168: HNGH061 | I168: NA
H169: HNGH062 | I169: 4.8
H170: HNGH063 | I170: 4.5
H171: HNGH064 | I171: 4.4
H172: HNGH065 | I172: 4.6
H173: HNGH066 | I173: 3.8
H174: HNGH067 | I174: 5.1
H175: HNGH068 | I175: 4.4
H176: HNGH069 | I176: 4.3
H177: HNGH070 | I177: 4.5
H178: HNGH071 | I178: 4.9
H179: HNGH072 | I179: 4.5
H180: HNGH073 | I180: 3.8
... H183: HNGH076 | I183: 4.5
